point_index,x,y
0,8.799940056854e-02,0.000000000000e+00
1,8.883542093633e-02,2.274162154557e-04
2,8.930662451569e-02,6.500710406576e-04
3,8.972274126516e-02,1.096798653653e-03
4,9.011309499597e-02,1.551552087240e-03
5,9.048893498859e-02,2.008176665160e-03
6,9.085593674861e-02,2.463549295104e-03
7,9.121739126273e-02,2.915836657226e-03
8,9.157537282744e-02,3.363860242734e-03
9,9.193126067917e-02,3.806813952671e-03
10,9.228600421660e-02,4.244121112124e-03
11,9.264027088145e-02,4.675355074752e-03
12,9.299453453844e-02,5.100191968362e-03
13,9.334913124126e-02,5.518381002344e-03
14,9.370429599139e-02,5.929724978599e-03
15,9.406018785564e-02,6.334067033272e-03
16,9.441690765431e-02,6.731281343547e-03
17,9.477451074097e-02,7.121266446969e-03
18,9.513301644204e-02,7.503940334211e-03
19,9.549241516450e-02,7.879236777186e-03
20,9.585267383873e-02,8.247102537454e-03
21,9.621374014941e-02,8.607495214648e-03
22,9.657554586846e-02,8.960381568714e-03
23,9.693800951229e-02,9.305736198701e-03
24,9.730103848376e-02,9.643540493890e-03
25,9.766453081588e-02,9.973781795832e-03
26,9.802837660454e-02,1.029645272585e-02
27,9.839245919597e-02,1.061155064390e-02
28,9.875665617883e-02,1.091907721301e-02
29,9.912084021975e-02,1.121903804943e-02
30,9.948487977234e-02,1.151144244314e-02
31,9.984863968349e-02,1.179630313682e-02
32,1.002119817159e-01,1.207363615375e-02
33,1.005747650018e-01,1.234346066723e-02
34,1.009368464411e-01,1.260579890539e-02
35,1.012980810524e-01,1.286067608677e-02
36,1.016583222873e-01,1.310812038250e-02
37,1.020174223136e-01,1.334816290209e-02
38,1.023752322735e-01,1.358083770003e-02
39,1.027316025226e-01,1.380618180103e-02
40,1.030863828532e-01,1.402423524210e-02
41,1.034394227063e-01,1.423504112976e-02
42,1.037905713753e-01,1.443864571108e-02
43,1.041396782049e-01,1.463509845727e-02
44,1.044865927867e-01,1.482445215875e-02
45,1.048311651563e-01,1.500676303055e-02
46,1.051732459916e-01,1.518209082710e-02
47,1.055126868156e-01,1.535049896551e-02
48,1.058493402067e-01,1.551205465609e-02
49,1.061830600164e-01,1.566682903934e-02
50,1.065137015974e-01,1.581489732816e-02
51,1.068411220436e-01,1.595633895417e-02
52,1.071651804439e-01,1.609123771680e-02
53,1.074857381502e-01,1.621968193396e-02
54,1.078026590624e-01,1.634176459259e-02
55,1.081158099309e-01,1.645758349756e-02
56,1.084250606779e-01,1.656724141714e-02
57,1.087302847388e-01,1.667084622305e-02
58,1.090313594242e-01,1.676851102296e-02
59,1.093281663037e-01,1.686035428313e-02
60,1.096205916123e-01,1.694649993878e-02
61,1.099085266778e-01,1.702707748935e-02
62,1.101918683727e-01,1.710222207592e-02
63,1.104705195864e-01,1.717207453775e-02
64,1.107443897202e-01,1.723678144463e-02
65,1.110133952027e-01,1.729649510188e-02
66,1.112774600241e-01,1.735137352437e-02
67,1.115365162886e-01,1.740158037614e-02
68,1.117905047811e-01,1.744728487203e-02
69,1.120393755467e-01,1.748866163764e-02
70,1.122830884794e-01,1.752589052425e-02
71,1.125216139144e-01,1.755915637521e-02
72,1.127549332226e-01,1.758864874064e-02
73,1.129830393987e-01,1.761456153747e-02
74,1.132059376397e-01,1.763709265237e-02
75,1.134236459065e-01,1.765644348531e-02
76,1.136361954611e-01,1.767281843238e-02
77,1.138436313738e-01,1.768642430675e-02
78,1.140460129910e-01,1.769746969784e-02
79,1.142434143563e-01,1.770616426914e-02
80,1.144359245765e-01,1.771271799649e-02
81,1.146236481237e-01,1.771734034926e-02
82,1.148067050658e-01,1.772023941815e-02
83,1.149852312167e-01,1.772162099447e-02
84,1.151593781983e-01,1.772168760656e-02
85,1.153293134075e-01,1.772063752072e-02
86,1.154952198818e-01,1.771866371444e-02
87,1.156572960565e-01,1.771595283136e-02
88,1.158157554114e-01,1.771268412797e-02
89,1.159708260022e-01,1.770902842294e-02
90,1.161227498747e-01,1.770514706092e-02
91,1.162717823638e-01,1.770119090259e-02
92,1.164181912764e-01,1.769729935362e-02
93,1.165622559635e-01,1.769359944480e-02
94,1.167042662858e-01,1.769020497556e-02
95,1.168445214806e-01,1.768721573264e-02
96,1.169833289382e-01,1.768471679487e-02
97,1.171210028982e-01,1.768277793409e-02
98,1.172578630786e-01,1.768145312098e-02
99,1.173942332495e-01,1.768078014315e-02
100,1.175304397669e-01,1.768078034122e-02
101,1.176668100810e-01,1.768145846683e-02
102,1.178036712350e-01,1.768280266470e-02
103,1.179413483687e-01,1.768478457885e-02
104,1.180801632456e-01,1.768735958132e-02
105,1.182204328144e-01,1.769046711967e-02
106,1.183624678234e-01,1.769403117791e-02
107,1.185065714980e-01,1.769796084372e-02
108,1.186530382961e-01,1.770215097359e-02
109,1.188021527495e-01,1.770648294594e-02
110,1.189541884029e-01,1.771082549147e-02
111,1.191094068558e-01,1.771503558927e-02
112,1.192680569144e-01,1.771895941644e-02
113,1.194303738566e-01,1.772243333904e-02
114,1.195965788116e-01,1.772528493192e-02
115,1.197668782559e-01,1.772733401538e-02
116,1.199414636223e-01,1.772839369712e-02
117,1.201205110209e-01,1.772827140818e-02
118,1.203041810672e-01,1.772676992296e-02
119,1.204926188114e-01,1.772368835387e-02
120,1.206859537637e-01,1.771882311229e-02
121,1.208843000081e-01,1.771196882883e-02
122,1.210877563963e-01,1.770291922655e-02
123,1.212964068154e-01,1.769146794248e-02
124,1.215103205195e-01,1.767740929331e-02
125,1.217295525169e-01,1.766053898269e-02
126,1.219541440064e-01,1.764065474811e-02
127,1.221841228526e-01,1.761755694676e-02
128,1.224195040930e-01,1.759104908010e-02
129,1.226602904706e-01,1.756093825802e-02
130,1.229064729838e-01,1.752703560389e-02
131,1.231580314476e-01,1.748915660254e-02
132,1.234149350604e-01,1.744712139340e-02
133,1.236771429719e-01,1.740075501178e-02
134,1.239446048452e-01,1.734988758117e-02
135,1.242172614122e-01,1.729435445998e-02
136,1.244950450153e-01,1.723399634596e-02
137,1.247778801356e-01,1.716865934196e-02
138,1.250656839028e-01,1.709819498627e-02
139,1.253583665859e-01,1.702246025119e-02
140,1.256558320626e-01,1.694131751314e-02
141,1.259579782672e-01,1.685463449739e-02
142,1.262646976148e-01,1.676228420078e-02
143,1.265758774019e-01,1.666414479518e-02
144,1.268914001841e-01,1.656009951450e-02
145,1.272111441292e-01,1.645003652789e-02
146,1.275349833476e-01,1.633384880147e-02
147,1.278627881993e-01,1.621143395077e-02
148,1.281944255787e-01,1.608269408591e-02
149,1.285297591777e-01,1.594753565136e-02
150,1.288686497278e-01,1.580586926185e-02
151,1.292109552223e-01,1.565760953595e-02
152,1.295565311196e-01,1.550267492854e-02
153,1.299052305277e-01,1.534098756340e-02
154,1.302569043724e-01,1.517247306682e-02
155,1.306114015492e-01,1.499706040314e-02
156,1.309685690591e-01,1.481468171291e-02
157,1.313282521319e-01,1.462527215436e-02
158,1.316902943345e-01,1.442876974855e-02
159,1.320545376684e-01,1.422511522883e-02
160,1.324208226549e-01,1.401425189473e-02
161,1.327889884100e-01,1.379612547065e-02
162,1.331588727095e-01,1.357068396956e-02
163,1.335303120456e-01,1.333787756178e-02
164,1.339031416748e-01,1.309765844897e-02
165,1.342771956585e-01,1.284998074331e-02
166,1.346523068967e-01,1.259480035195e-02
167,1.350283071559e-01,1.233207486663e-02
168,1.354050270907e-01,1.206176345839e-02
169,1.357822962609e-01,1.178382677739e-02
170,1.361599431434e-01,1.149822685760e-02
171,1.365377951408e-01,1.120492702631e-02
172,1.369156785854e-01,1.090389181831e-02
173,1.372934187406e-01,1.059508689459e-02
174,1.376708397991e-01,1.027847896544e-02
175,1.380477648783e-01,9.954035717688e-03
176,1.384240160136e-01,9.621725746068e-03
177,1.387994141500e-01,9.281518488396e-03
178,1.391737791310e-01,8.933384164512e-03
179,1.395469296874e-01,8.577293718751e-03
180,1.399186834233e-01,8.213218765808e-03
181,1.402888568022e-01,7.841131539836e-03
182,1.406572651313e-01,7.461004846611e-03
183,1.410237225454e-01,7.072812018621e-03
184,1.413880419903e-01,6.676526872927e-03
185,1.417500352054e-01,6.272123671650e-03
186,1.421095127060e-01,5.859577084946e-03
187,1.424662837654e-01,5.438862156337e-03
188,1.428201563967e-01,5.009954270270e-03
189,1.431709373343e-01,4.572829121773e-03
190,1.435184320159e-01,4.127462688105e-03
191,1.438624445643e-01,3.673831202263e-03
192,1.442027777685e-01,3.211911128271e-03
193,1.445392330662e-01,2.741679138112e-03
194,1.448716105257e-01,2.263112090236e-03
195,1.451997088280e-01,1.776187009531e-03
196,1.455233252495e-01,1.280881068683e-03
197,1.458422556449e-01,7.771715708277e-04
198,1.461562944296e-01,2.650359334250e-04
199,1.464652345641e-01,-2.555483267200e-04
200,1.464652345641e-01,-2.555483267200e-04
201,1.464739506275e-01,-2.692637208489e-04
202,1.464830856204e-01,-2.827037247062e-04
203,1.464926308483e-01,-2.958555466768e-04
204,1.465025772266e-01,-3.087066694243e-04
205,1.465129152888e-01,-3.212448618053e-04
206,1.465236351955e-01,-3.334581905095e-04
207,1.465347267440e-01,-3.453350314183e-04
208,1.465461793778e-01,-3.568640806672e-04
209,1.465579821968e-01,-3.680343654052e-04
210,1.465701239676e-01,-3.788352542376e-04
211,1.465825931341e-01,-3.892564673449e-04
212,1.465953778289e-01,-3.992880862664e-04
213,1.466084658839e-01,-4.089205633405e-04
214,1.466218448424e-01,-4.181447307915e-04
215,1.466355019711e-01,-4.269518094552e-04
216,1.466494242715e-01,-4.353334171344e-04
217,1.466635984932e-01,-4.432815765769e-04
218,1.466780111456e-01,-4.507887230678e-04
219,1.466926485114e-01,-4.578477116293e-04
220,1.467074966594e-01,-4.644518238208e-04
221,1.467225414578e-01,-4.705947741337e-04
222,1.467377685876e-01,-4.762707159730e-04
223,1.467531635563e-01,-4.814742472224e-04
224,1.467687117116e-01,-4.862004153857e-04
225,1.467843982554e-01,-4.904447223001e-04
226,1.468002082579e-01,-4.942031284175e-04
227,1.468161266720e-01,-4.974720566493e-04
228,1.468321383471e-01,-5.002483957708e-04
229,1.468482280439e-01,-5.025295033823e-04
230,1.468643804491e-01,-5.043132084241e-04
231,1.468805801895e-01,-5.055978132427e-04
232,1.468968118468e-01,-5.063820952068e-04
233,1.469130599725e-01,-5.066653078707e-04
234,1.469293091023e-01,-5.064471816848e-04
235,1.469455437710e-01,-5.057279242521e-04
236,1.469617485270e-01,-5.045082201308e-04
237,1.469779079475e-01,-5.027892301827e-04
238,1.469940066526e-01,-5.005725904682e-04
239,1.470100293203e-01,-4.978604106891e-04
240,1.470259607008e-01,-4.946552721811e-04
241,1.470417856314e-01,-4.909602254566e-04
242,1.470574890505e-01,-4.867787873015e-04
243,1.470730560124e-01,-4.821149374280e-04
244,1.470884717010e-01,-4.769731146871e-04
245,1.471037214444e-01,-4.713582128436e-04
246,1.471187907286e-01,-4.652755759186e-04
247,1.471336652113e-01,-4.587309931032e-04
248,1.471483307354e-01,-4.517306932488e-04
249,1.471627733432e-01,-4.442813389383e-04
250,1.471769792886e-01,-4.363900201456e-04
251,1.471909350511e-01,-4.280642474871e-04
252,1.472046273482e-01,-4.193119450736e-04
253,1.472180431482e-01,-4.101414429687e-04
254,1.472311696824e-01,-4.005614692601e-04
255,1.472439944577e-01,-3.905811417532e-04
256,1.472565052679e-01,-3.802099592926e-04
257,1.472686902058e-01,-3.694577927220e-04
258,1.472805376743e-01,-3.583348754892e-04
259,1.472920363975e-01,-3.468517939064e-04
260,1.473031754314e-01,-3.350194770748e-04
261,1.473139441743e-01,-3.228491864826e-04
262,1.473243323771e-01,-3.103525052867e-04
263,1.473343301526e-01,-2.975413272887e-04
264,1.473439279855e-01,-2.844278456146e-04
265,1.473531167409e-01,-2.710245411098e-04
266,1.473618876734e-01,-2.573441704608e-04
267,1.473702324351e-01,-2.433997540535e-04
268,1.473781430840e-01,-2.292045635814e-04
269,1.473856120909e-01,-2.147721094137e-04
270,1.473926323472e-01,-2.001161277370e-04
271,1.473991971714e-01,-1.852505674817e-04
272,1.474053003152e-01,-1.701895770461e-04
273,1.474109359700e-01,-1.549474908305e-04
274,1.474160987721e-01,-1.395388155943e-04
275,1.474207838076e-01,-1.239782166492e-04
276,1.474249866177e-01,-1.082805039013e-04
277,1.474287032021e-01,-9.246061775566e-05
278,1.474319300237e-01,-7.653361489670e-05
279,1.474346640113e-01,-6.051465395795e-05
280,1.474369025628e-01,-4.441898109466e-05
281,1.474386435476e-01,-2.826191547315e-05
282,1.474398853087e-01,-1.205883469074e-05
283,1.474406266644e-01,4.174839860022e-06
284,1.474408669090e-01,2.042365766874e-05
285,1.474406058138e-01,3.667215381235e-05
286,1.474398436273e-01,5.290486367391e-05
287,1.474385810750e-01,6.910633766118e-05
288,1.474368193585e-01,8.526115591089e-05
289,1.474345601546e-01,1.013539429647e-04
290,1.474318056134e-01,1.173693824028e-04
291,1.474285583566e-01,1.332922314216e-04
292,1.474248214748e-01,1.491073353411e-04
293,1.474205985246e-01,1.647996420283e-04
294,1.474158935252e-01,1.803542162234e-04
295,1.474107109546e-01,1.957562537543e-04
296,1.474050557455e-01,2.109910956270e-04
297,1.473989332801e-01,2.260442419768e-04
298,1.473923493855e-01,2.409013658691e-04
299,1.473853103281e-01,2.555483269351e-04
300,1.473853103281e-01,2.555483269351e-04
301,1.471020306447e-01,7.957203276220e-04
302,1.468238496116e-01,1.333626241346e-03
303,1.465505601891e-01,1.869243584912e-03
304,1.462819567928e-01,2.402549775780e-03
305,1.460178352772e-01,2.933522117085e-03
306,1.457579929188e-01,3.462137781514e-03
307,1.455022283987e-01,3.988373793955e-03
308,1.452503417850e-01,4.512207012857e-03
309,1.450021345155e-01,5.033614110204e-03
310,1.447574093793e-01,5.552571550019e-03
311,1.445159704990e-01,6.069055565301e-03
312,1.442776233124e-01,6.583042133306e-03
313,1.440421745539e-01,7.094506949065e-03
314,1.438094322367e-01,7.603425397023e-03
315,1.435792056339e-01,8.109772520702e-03
316,1.433513052610e-01,8.613522990260e-03
317,1.431255428572e-01,9.114651067816e-03
318,1.429017313684e-01,9.613130570431e-03
319,1.426796849295e-01,1.010893483059e-02
320,1.424592188475e-01,1.060203665408e-02
321,1.422401495860e-01,1.109240827504e-02
322,1.420222947492e-01,1.158002130818e-02
323,1.418054730676e-01,1.206484669782e-02
324,1.415895043851e-01,1.254685466381e-02
325,1.413742096464e-01,1.302601464396e-02
326,1.411594108871e-01,1.350229523301e-02
327,1.409449312245e-01,1.397566411778e-02
328,1.407305948512e-01,1.444608800856e-02
329,1.405162270307e-01,1.491353256635e-02
330,1.403016540953e-01,1.537796232594e-02
331,1.400867034476e-01,1.583934061461e-02
332,1.398712035646e-01,1.629762946634e-02
333,1.396549840059e-01,1.675278953127e-02
334,1.394378754263e-01,1.720477998047e-02
335,1.392197095921e-01,1.765355840566e-02
336,1.390003194034e-01,1.809908071399e-02
337,1.387795389216e-01,1.854130101765e-02
338,1.385572034033e-01,1.898017151830e-02
339,1.383331493405e-01,1.941564238624e-02
340,1.381072145091e-01,1.984766163446e-02
341,1.378792380252e-01,2.027617498736e-02
342,1.376490604100e-01,2.070112574447e-02
343,1.374165236649e-01,2.112245463911e-02
344,1.371814713569e-01,2.154009969239e-02
345,1.369437487158e-01,2.195399606250e-02
346,1.367032027427e-01,2.236407589001e-02
347,1.364596823329e-01,2.277026813926e-02
348,1.362130384123e-01,2.317249843653e-02
349,1.359631240890e-01,2.357068890560e-02
350,1.357097948212e-01,2.396475800136e-02
351,1.354529086024e-01,2.435462034237e-02
352,1.351923261639e-01,2.474018654337e-02
353,1.349279111977e-01,2.512136304882e-02
354,1.346595305983e-01,2.549805196885e-02
355,1.343870547255e-01,2.587015091898e-02
356,1.341103576898e-01,2.623755286534e-02
357,1.338293176590e-01,2.660014597706e-02
358,1.335438171887e-01,2.695781348808e-02
359,1.332537435755e-01,2.731043357025e-02
360,1.329589892344e-01,2.765787922041e-02
361,1.326594520995e-01,2.800001816385e-02
362,1.323550360489e-01,2.833671277695e-02
363,1.320456513513e-01,2.866782003205e-02
364,1.317312151366e-01,2.899319146743e-02
365,1.314116518857e-01,2.931267318593e-02
366,1.310868939412e-01,2.962610588530e-02
367,1.307568820348e-01,2.993332492395e-02
368,1.304215658298e-01,3.023416042538e-02
369,1.300809044756e-01,3.052843742490e-02
370,1.297348671710e-01,3.081597606193e-02
371,1.293834337308e-01,3.109659182130e-02
372,1.290265951533e-01,3.137009582639e-02
373,1.286643541816e-01,3.163629518709e-02
374,1.282967258533e-01,3.189499340485e-02
375,1.279237380328e-01,3.214599083686e-02
376,1.275454319190e-01,3.238908522062e-02
377,1.271618625203e-01,3.262407225977e-02
378,1.267730990906e-01,3.285074627101e-02
379,1.263792255171e-01,3.306890089136e-02
380,1.259803406515e-01,3.327832984389e-02
381,1.255765585779e-01,3.347882775920e-02
382,1.251680088063e-01,3.367019104868e-02
383,1.247548363871e-01,3.385221882472e-02
384,1.243372019356e-01,3.402471386175e-02
385,1.239152815620e-01,3.418748359080e-02
386,1.234892666992e-01,3.434034111954e-02
387,1.230593638235e-01,3.448310626831e-02
388,1.226257940643e-01,3.461560661195e-02
389,1.221887926993e-01,3.473767851651e-02
390,1.217486085347e-01,3.484916815909e-02
391,1.213055031703e-01,3.494993251878e-02
392,1.208597501505e-01,3.503984032630e-02
393,1.204116340073e-01,3.511877296005e-02
394,1.199614491984e-01,3.518662527651e-02
395,1.195094989494e-01,3.524330636339e-02
396,1.190560940084e-01,3.528874020468e-02
397,1.186015513243e-01,3.532286624795e-02
398,1.181461926603e-01,3.534563986522e-02
399,1.176903431566e-01,3.535703270054e-02
400,1.172343298561e-01,3.535703289861e-02
401,1.167784802091e-01,3.534564521107e-02
402,1.163231205717e-01,3.532289097855e-02
403,1.158685747138e-01,3.528880798865e-02
404,1.154151623536e-01,3.524345021206e-02
405,1.149631977306e-01,3.518688742062e-02
406,1.145129882350e-01,3.511920469314e-02
407,1.140648331042e-01,3.504050181638e-02
408,1.136190221989e-01,3.495089258977e-02
409,1.131758348701e-01,3.485050404409e-02
410,1.127355389248e-01,3.473947558501e-02
411,1.122983896977e-01,3.461795807323e-02
412,1.118646292348e-01,3.448611285336e-02
413,1.114344855916e-01,3.434411074411e-02
414,1.110081722480e-01,3.419213100196e-02
415,1.105858876394e-01,3.403036027054e-02
416,1.101678148031e-01,3.385899152734e-02
417,1.097541211361e-01,3.367822303867e-02
418,1.093449582603e-01,3.348825733286e-02
419,1.089404619897e-01,3.328930020123e-02
420,1.085407523920e-01,3.308155973447e-02
421,1.081459339395e-01,3.286524540195e-02
422,1.077560957389e-01,3.264056717952e-02
423,1.073713118337e-01,3.240773473067e-02
424,1.069916415704e-01,3.216695664481e-02
425,1.066171300193e-01,3.191843973512e-02
426,1.062478084425e-01,3.166238839767e-02
427,1.058836948007e-01,3.139900403246e-02
428,1.055247942910e-01,3.112848452613e-02
429,1.051710999082e-01,3.085102379564e-02
430,1.048225930229e-01,3.056681139108e-02
431,1.044792439708e-01,3.027603215582e-02
432,1.041410126454e-01,2.997886594114e-02
433,1.038078490920e-01,2.967548737264e-02
434,1.034796940956e-01,2.936606566514e-02
435,1.031564797602e-01,2.905076448270e-02
436,1.028381300761e-01,2.872974184019e-02
437,1.025245614719e-01,2.840315004291e-02
438,1.022156833489e-01,2.807113566068e-02
439,1.019113985966e-01,2.773383953274e-02
440,1.016116040873e-01,2.739139680017e-02
441,1.013161911490e-01,2.704393696242e-02
442,1.010250460165e-01,2.669158395470e-02
443,1.007380502595e-01,2.633445624328e-02
444,1.004550811887e-01,2.597266693582e-02
445,1.001760122393e-01,2.560632390404e-02
446,9.990071333368e-02,2.523552991622e-02
447,9.962905122209e-02,2.486038277723e-02
448,9.936088980451e-02,2.448097547401e-02
449,9.909609043288e-02,2.409739632445e-02
450,9.883451219597e-02,2.370972912800e-02
451,9.857601218780e-02,2.331805331628e-02
452,9.832044576108e-02,2.292244410217e-02
453,9.806766676724e-02,2.252297262619e-02
454,9.781752778460e-02,2.211970609866e-02
455,9.756988033639e-02,2.171270793665e-02
456,9.732457510037e-02,2.130203789463e-02
457,9.708146211203e-02,2.088775218762e-02
458,9.684039096322e-02,2.046990360602e-02
459,9.660121099847e-02,2.004854162106e-02
460,9.636377151121e-02,1.962371247981e-02
461,9.612792194243e-02,1.919545928878e-02
462,9.589351208446e-02,1.876382208498e-02
463,9.566039229288e-02,1.832883789314e-02
464,9.542841370995e-02,1.789054076772e-02
465,9.519742850338e-02,1.744896181825e-02
466,9.496729012477e-02,1.700412921586e-02
467,9.473785359286e-02,1.655606817907e-02
468,9.450897580736e-02,1.610480093604e-02
469,9.428051590065e-02,1.565034666004e-02
470,9.405233563537e-02,1.519272137437e-02
471,9.382429985843e-02,1.473193782171e-02
472,9.359627702343e-02,1.426800529203e-02
473,9.336813979699e-02,1.380092940159e-02
474,9.313976576779e-02,1.333071181341e-02
475,9.291103828205e-02,1.285734988744e-02
476,9.268184743566e-02,1.238083624502e-02
477,9.245209126162e-02,1.190115822769e-02
478,9.222167716280e-02,1.141829722474e-02
479,9.199052365563e-02,1.093222783521e-02
480,9.175856251199e-02,1.044291681904e-02
481,9.152574141659e-02,9.950321775880e-03
482,9.129202729980e-02,9.454389467279e-03
483,9.105741056859e-02,8.955053665153e-03
484,9.082191054939e-02,8.452232360175e-03
485,9.058558259578e-02,7.945824089889e-03
486,9.034852752805e-02,7.435703031479e-03
487,9.011090441300e-02,6.921712321092e-03
488,8.987294825214e-02,6.403654760628e-03
489,8.963499509912e-02,5.881279559475e-03
490,8.939751881868e-02,5.354262845442e-03
491,8.916118685256e-02,4.822177972188e-03
492,8.892694859940e-02,4.284448264800e-03
493,8.869618329566e-02,3.740267624320e-03
494,8.847096523781e-02,3.188457541957e-03
495,8.825458541257e-02,2.627184697865e-03
496,8.805271932552e-02,2.053325999734e-03
497,8.787661625713e-02,1.460726771305e-03
498,8.775560001862e-02,8.333400453785e-04
499,8.799940056854e-02,0.000000000000e+00
